tag_name,tag,opacity,fill_h_cos,fill_h_sin,fill_s_n,fill_l_n,stroke_h_cos,stroke_h_sin,stroke_s_n,stroke_l_n,stroke_width,bbox_left_n,bbox_right_n,bbox_top_n,bbox_bottom_n,bbox_mds_1,bbox_mds_2,containment_mds,adjacency_mds,bbox_width_n,bbox_height_n,bbox_fill_area
svg/line_77,0.375,1.0,2.0,1.0,0.0,0.0,0.9944904871101227,0.5740213358268657,0.8705882352941178,0.6666666666666667,1.0,0.08355125158163113,0.16013574285784882,0.13162044517442614,0.22171574106491565,0.09069620337980555,0.1398680051663538,0.444910882064779,0.07685340786379788,0.0765844912762177,0.09009529589048956,0.0
svg/line_76,0.375,1.0,2.0,1.0,0.0,0.0,0.007596123493896045,0.5868240888334656,0.5192307692307693,0.592156862745098,0.7071067811865476,0.029505068334108847,0.08584065291748764,0.10708833501765826,0.13468444069294144,0.02313246602183612,0.08340144856692426,0.15325520107968083,0.38501411490990833,0.0563355845833788,0.02759610567528321,0.0
svg/line_75,0.375,1.0,2.0,1.0,0.0,0.0,0.007596123493896045,0.5868240888334656,0.5192307692307693,0.592156862745098,0.7071067811865476,0.04872830596630285,0.08584065291748764,0.07928247764237037,0.13468444069294144,0.03406653517264173,0.06723823388061483,0.7439271290054473,0.3692182956321077,0.037112346951184795,0.0554019630505711,0.0
svg/line_74,0.375,1.0,2.0,1.0,0.0,0.0,0.007596123493896045,0.5868240888334656,0.5192307692307693,0.592156862745098,0.7071067811865476,0.05462633983145056,0.08584065291748764,0.05576194430213297,0.13468444069294144,0.036955423102574936,0.05383367068992681,0.444910882064779,0.6927336535112992,0.031214313086037095,0.07892249639080849,0.0
svg/line_73,0.375,1.0,2.0,1.0,0.0,0.0,0.007596123493896045,0.5868240888334656,0.5192307692307693,0.592156862745098,0.7071067811865476,0.025688402630153775,0.08584065291748764,0.08677830021955937,0.13468444069294144,0.020901110551248336,0.07264040684658163,0.444910882064779,0.6861022326092414,0.06015225028733387,0.04790614047338208,0.0
svg/line_72,0.375,1.0,2.0,1.0,0.0,0.0,0.007596123493896045,0.5868240888334656,0.5192307692307693,0.592156862745098,0.7071067811865476,0.034740538430255034,0.08584065291748764,0.06579472084008826,0.13468444069294144,0.026001048138158678,0.06041709367344477,0.444910882064779,0.6840530108950602,0.05110011448723262,0.06888971985285319,0.0
svg/line_71,0.375,1.0,2.0,1.0,0.0,0.0,0.9944904871101227,0.5740213358268657,0.8705882352941178,0.6666666666666667,1.0,0.1246469596201115,0.16013574285784882,0.21763041370689518,0.3350050807776676,0.11312968599781559,0.24717138235958508,0.444910882064779,0.016425692823420848,0.035488783237737326,0.11737466707077245,0.0
svg/line_70,0.375,1.0,2.0,1.0,0.0,0.0,0.007596123493896045,0.5868240888334656,0.5192307692307693,0.592156862745098,0.7071067811865476,0.10347726069354259,0.12693636095596803,0.3319410852591523,0.39277964894287326,0.08782275285963384,0.33995649362064445,0.13617591119550532,0.23934577183405872,0.02345910026242545,0.06083856368372092,0.0
svg/line_69,0.375,1.0,2.0,1.0,0.0,0.0,0.007596123493896045,0.5868240888334656,0.5192307692307693,0.592156862745098,0.7071067811865476,0.0893287334857144,0.12693636095596803,0.3319410852591523,0.4104289161359243,0.08000007129302167,0.34975125143205515,0.444910882064779,0.23187481883257882,0.03760762747025362,0.07848783087677197,0.0
svg/line_68,0.375,1.0,2.0,1.0,0.0,0.0,0.007596123493896045,0.5868240888334656,0.5192307692307693,0.592156862745098,0.7071067811865476,0.10711409490666025,0.12693636095596803,0.3319410852591523,0.41595780680928857,0.08932434902918317,0.35318486486934225,0.444910882064779,0.24736945012473946,0.019822266049307775,0.0840167215501362,0.0
svg/line_67,0.375,1.0,2.0,1.0,0.0,0.0,0.007596123493896045,0.5868240888334656,0.5192307692307693,0.592156862745098,0.7071067811865476,0.08303481673676553,0.12693636095596803,0.3319410852591523,0.3867093973388781,0.07690565298791109,0.3364024740813042,0.444910882064779,0.3021119447646617,0.0439015442192025,0.05476831207972577,0.0
svg/line_66,0.375,1.0,2.0,1.0,0.0,0.0,0.007596123493896045,0.5868240888334656,0.5192307692307693,0.592156862745098,0.7071067811865476,0.12541009339873035,0.13452533407457498,0.3319410852591523,0.4044427997348519,0.10294640527960337,0.34675801322494126,0.444910882064779,0.7738895012282824,0.009115240675844643,0.07250171447569961,0.0
svg/line_65,0.375,1.0,2.0,1.0,0.0,0.0,0.007596123493896045,0.5868240888334656,0.5192307692307693,0.592156862745098,0.7071067811865476,0.08149743078438498,0.12693636095596803,0.3319410852591523,0.35648518097617216,0.07580181865814796,0.320247470980341,0.444910882064779,0.7718402795140956,0.04543893017158305,0.024544095717019827,0.0
svg/line_64,0.375,1.0,2.0,1.0,0.0,0.0,0.007596123493896045,0.5868240888334656,0.5192307692307693,0.592156862745098,0.7071067811865476,0.12233504865751563,0.12693636095596803,0.3319410852591523,0.42155994180436474,0.0970191683809341,0.35697083845677785,0.444910882064779,0.2494186718389241,0.004601312298452404,0.08961885654521244,0.0
svg/line_63,0.375,1.0,2.0,1.0,0.0,0.0,0.9944904871101227,0.5740213358268657,0.8705882352941178,0.6666666666666667,1.0,0.15708320774337345,0.193414655325362,0.11173807199953245,0.22171574106491565,0.14584358438607262,0.12731033133817093,0.444910882064779,0.9079808412507686,0.03633144758198857,0.10997766906538321,0.0
svg/line_62,0.375,1.0,2.0,1.0,0.0,0.0,0.007596123493896045,0.5868240888334656,0.5192307692307693,0.592156862745098,0.7071067811865476,0.19112525398950547,0.22476890397752303,0.05028318772537334,0.11480206751804777,0.17918968579992406,0.038144319054713154,0.444910882064779,0.6261639985925402,0.03364364998801755,0.06451887979267443,0.0
svg/line_61,0.375,1.0,2.0,1.0,0.0,0.0,0.007596123493896045,0.5868240888334656,0.5192307692307693,0.592156862745098,0.7071067811865476,0.19112525398950547,0.20262441606232323,0.03736806746544642,0.11480206751804777,0.16741531829677433,0.03070513421840244,0.7268478391212714,0.6220655551641736,0.011499162072817752,0.07743400005260133,0.0
svg/line_60,0.375,1.0,2.0,1.0,0.0,0.0,0.007596123493896045,0.5868240888334656,0.5192307692307693,0.592156862745098,0.7071067811865476,0.19112525398950547,0.2190338626618894,0.027645947905507815,0.11480206751804777,0.17576354975849534,0.025269040087901363,0.444910882064779,0.6241147768783578,0.027908608672383917,0.08715611961253994,0.0
svg/line_59,0.375,1.0,2.0,1.0,0.0,0.0,0.9944904871101227,0.5740213358268657,0.8705882352941178,0.6666666666666667,1.0,0.0748210053237052,0.16013574285784882,0.21763041370689518,0.2907832383851237,0.08746433037002546,0.2233420952989153,0.444910882064779,0.03887571141671819,0.08531473753414365,0.07315282467822859,0.0
svg/line_58,0.375,1.0,2.0,1.0,0.0,0.0,0.007596123493896045,0.5868240888334656,0.5192307692307693,0.592156862745098,1.0,0.06743748284413906,0.07787354043818057,0.20559092229796472,0.2907832383851237,0.041411462051199235,0.2190508331560065,0.444910882064779,0.03846277502251799,0.0104360575940415,0.08519231608715905,0.0
svg/line_57,0.375,1.0,2.0,1.0,0.0,0.0,0.007596123493896045,0.5868240888334656,0.5192307692307693,0.592156862745098,0.7071067811865476,0.01646904534427626,0.07711040665956172,0.2877192428666084,0.29777597669766265,0.014686829957905718,0.2667638550390105,0.7496202256335072,0.2783104158491248,0.06064136131528544,0.010056733831054257,0.0
svg/line_56,0.375,1.0,2.0,1.0,0.0,0.0,0.007596123493896045,0.5868240888334656,0.5192307692307693,0.592156862745098,0.7071067811865476,0.02783300977748387,0.07711040665956172,0.2877192428666084,0.3228126456441305,0.02184753071976021,0.27981848493137884,0.14471555613759252,0.7445467752686169,0.04927739688207785,0.035093402777522105,0.0
svg/line_55,0.375,1.0,2.0,1.0,0.0,0.0,0.007596123493896045,0.5868240888334656,0.5192307692307693,0.592156862745098,0.7071067811865476,0.03911340000828931,0.07711040665956172,0.2877192428666084,0.3443980488379051,0.028152002084074566,0.2915634770292118,0.1447155561375933,0.21325708119805614,0.03799700665127241,0.05667880597129676,0.0
svg/line_54,0.375,1.0,2.0,1.0,0.0,0.0,0.007596123493896045,0.5868240888334656,0.5192307692307693,0.592156862745098,0.7071067811865476,0.010920501422235631,0.07711040665956172,0.2877192428666084,0.320646858505182,0.012463276949903132,0.2788850287902687,0.444910882064779,0.2250167713861918,0.0661899052373261,0.03292761563857363,0.0
svg/line_53,0.375,1.0,2.0,1.0,0.0,0.0,0.007596123493896045,0.5868240888334656,0.5192307692307693,0.592156862745098,0.7071067811865476,0.01977427555500547,0.07711040665956172,0.2877192428666084,0.3465894162770574,0.017662422726229327,0.29287246515267235,0.444910882064779,0.21735552462642482,0.05733613110455627,0.058870173410448944,0.0
svg/line_52,0.375,1.0,2.0,1.0,0.0,0.0,0.007596123493896045,0.5868240888334656,0.5192307692307693,0.592156862745098,0.7071067811865476,0.040871390682854676,0.07711040665956172,0.2877192428666084,0.3643898488815372,0.02884848040037257,0.3027706359250529,0.444910882064779,0.21530630291224237,0.03623901597670707,0.0766706060149288,0.0
svg/line_51,0.375,1.0,2.0,1.0,0.0,0.0,0.9944904871101227,0.5740213358268657,0.8705882352941178,0.6666666666666667,1.0,0.15708320774337345,0.18801153132664608,0.21763041370689518,0.34088735899178896,0.14379680388366003,0.24991929073216015,0.444910882064779,0.9826297179608399,0.03092832358327263,0.12325694528489375,0.0
svg/line_50,0.375,1.0,2.0,1.0,0.0,0.0,0.007596123493896045,0.5868240888334656,0.5192307692307693,0.592156862745098,1.0,0.1246469596201115,0.18801153132664608,0.3309197534196472,0.34088735899178896,0.1299316123866249,0.3102777096401264,0.444910882064779,0.9606962551927716,0.0633645717065346,0.009967605572141727,0.0
svg/line_49,0.375,1.0,2.0,1.0,0.0,0.0,0.007596123493896045,0.5868240888334656,0.5192307692307693,0.592156862745098,0.7071067811865476,0.1715167584383816,0.18724839754802722,0.33782336347327363,0.4068242268594231,0.15397246505617745,0.34970046399757226,0.444910882064779,0.2896729248501044,0.015731639109645697,0.06900086338614946,0.0
svg/line_48,0.375,1.0,2.0,1.0,0.0,0.0,0.007596123493896045,0.5868240888334656,0.5192307692307693,0.592156862745098,0.7071067811865476,0.18572212999078955,0.22785869834276112,0.33782336347327363,0.3829640502768714,0.18298669891971833,0.33513158457930625,0.444910882064779,0.22261801473284654,0.04213656835197159,0.045140686803597826,0.0
svg/line_47,0.375,1.0,2.0,1.0,0.0,0.0,0.007596123493896045,0.5868240888334656,0.5192307692307693,0.592156862745098,0.7071067811865476,0.18572212999078955,0.1994910522743001,0.33782336347327363,0.4050825218783741,0.16761558089970582,0.3485285299691917,0.16464139433580025,0.2917221465642888,0.013768922283510562,0.06725915840510047,0.0
svg/line_46,0.375,1.0,2.0,1.0,0.0,0.0,0.007596123493896045,0.5868240888334656,0.5192307692307693,0.592156862745098,0.7071067811865476,0.1796851184149255,0.18724839754802722,0.33782336347327363,0.4246253506952331,0.15765176647382445,0.36016207448367954,0.444910882064779,0.28762370313591834,0.007563279133101733,0.0868019872219594,0.0
svg/line_45,0.375,1.0,2.0,1.0,0.0,0.0,0.007596123493896045,0.5868240888334656,0.5192307692307693,0.592156862745098,0.7071067811865476,0.18572212999078955,0.22345140044318915,0.33782336347327363,0.40347477769526535,0.18028649383737458,0.34661096579418293,0.444910882064779,0.23570099277991166,0.037729270452399606,0.06565141422199174,0.0
svg/line_44,0.375,1.0,2.0,1.0,0.0,0.0,0.007596123493896045,0.5868240888334656,0.5192307692307693,0.592156862745098,0.7071067811865476,0.18572212999078955,0.19890496404222846,0.33782336347327363,0.42903570743829855,0.1666930341166691,0.36233368852902176,0.444910882064779,0.2855744814217358,0.013182834051438925,0.09121234396502495,0.0
svg/line_43,0.375,1.0,2.0,1.0,0.0,0.0,0.007596123493896045,0.5868240888334656,0.5192307692307693,0.592156862745098,0.7071067811865476,0.18572212999078955,0.21653199035999837,0.33782336347327363,0.4219960926286606,0.17620118546059504,0.35743761318072487,0.444910882064779,0.2835252597075539,0.030809860369208814,0.084172729155387,0.0
svg/line_42,0.375,1.0,2.0,1.0,0.0,0.0,0.9944904871101227,0.5740213358268657,0.8705882352941178,0.6666666666666667,1.0,0.15708320774337345,0.23781548936586278,0.21763041370689518,0.2968120298936154,0.17022329027722757,0.2248442479908468,0.444910882064779,0.9595807402960965,0.08073228162248934,0.07918161618672023,0.0
svg/line_41,0.375,1.0,2.0,1.0,0.0,0.0,0.007596123493896045,0.5868240888334656,0.5192307692307693,0.592156862745098,0.7071067811865476,0.23552608803000627,0.2917863605877819,0.2937480343751001,0.2981982567004873,0.24197126101153485,0.26444236578624364,0.8891658451114655,0.7413874916894042,0.056260272557775645,0.004450222325387198,0.0
svg/line_40,0.375,1.0,2.0,1.0,0.0,0.0,0.007596123493896045,0.5868240888334656,0.5192307692307693,0.592156862745098,0.7071067811865476,0.23552608803000627,0.25952109618975777,0.2937480343751001,0.36412143280575465,0.22314769482548957,0.3022879182386009,0.16042177950333722,0.3352060051246239,0.023995008159751516,0.07037339843065449,0.0
svg/line_39,0.375,1.0,2.0,1.0,0.0,0.0,0.007596123493896045,0.5868240888334656,0.5192307692307693,0.592156862745098,0.7071067811865476,0.23552608803000627,0.27326122879129017,0.2937480343751001,0.34579692698260933,0.23072707144105706,0.2915179345508043,0.8933854599439287,0.3372552268388095,0.03773514076128393,0.05204889260750922,0.0
svg/line_38,0.375,1.0,2.0,1.0,0.0,0.0,0.007596123493896045,0.5868240888334656,0.5192307692307693,0.592156862745098,0.7071067811865476,0.23552608803000627,0.28447228677585146,0.2937480343751001,0.3250491238348556,0.23718988788919326,0.2795713860251711,0.724101706084401,0.7393382699752211,0.04894619874584522,0.03130108945975556,0.0
svg/line_37,0.375,1.0,2.0,1.0,0.0,0.0,0.007596123493896045,0.5868240888334656,0.5192307692307693,0.592156862745098,0.7071067811865476,0.23552608803000627,0.2796329213176974,0.2937480343751001,0.3667941280417349,0.23360016668153127,0.3031687144737163,0.444910882064779,0.7372890482610358,0.04410683328769116,0.07304609366663477,0.0
svg/line_36,0.375,1.0,2.0,1.0,0.0,0.0,0.007596123493896045,0.5868240888334656,0.5192307692307693,0.592156862745098,0.7071067811865476,0.23552608803000627,0.2935731384180513,0.2937480343751001,0.3472889691812422,0.2413644193985799,0.29178637561468584,0.444910882064779,0.7509076664050682,0.05804705038804506,0.05354093480614211,0.0
svg/line_35,0.375,1.0,2.0,1.0,0.0,0.0,0.007596123493896045,0.5868240888334656,0.5192307692307693,0.592156862745098,0.7071067811865476,0.23552608803000627,0.3015915853014912,0.2937480343751001,0.3207513282900154,0.24633329606204937,0.2767283346700229,0.444910882064779,0.7434367134035871,0.06606549727148493,0.027003293914915315,0.0
svg/line_34,0.375,1.0,2.0,1.0,0.0,0.0,0.9944904871101227,0.5740213358268657,0.8705882352941178,0.6666666666666667,1.0,0.15708320774337345,0.25131536087116174,0.21763041370689518,0.2277490717722008,0.17846486132666037,0.18762640921831525,0.444910882064779,0.07183386029840176,0.0942321531277883,0.01011865806530561,0.0
svg/line_33,0.375,1.0,2.0,1.0,0.0,0.0,0.007596123493896045,0.5868240888334656,0.5192307692307693,0.592156862745098,0.7071067811865476,0.24902595953530524,0.3001490647173699,0.22468507625368547,0.24119259975156032,0.25138689271690723,0.197791504479909,0.732540935749329,0.3758497165341634,0.051123105182064685,0.016507523497874838,0.0
svg/line_32,0.375,1.0,2.0,1.0,0.0,0.0,0.007596123493896045,0.5868240888334656,0.5192307692307693,0.592156862745098,0.7071067811865476,0.24902595953530524,0.30022245539253883,0.200824332761579,0.22672773993269568,0.2507880341116988,0.17737410820722335,0.444910882064779,0.6723556350456253,0.05119649585723362,0.025903407171116707,0.0
svg/line_31,0.375,1.0,2.0,1.0,0.0,0.0,0.007596123493896045,0.5868240888334656,0.5192307692307693,0.592156862745098,0.7071067811865476,0.24902595953530524,0.3103706692149605,0.22468507625368547,0.25801140657390775,0.25613779418472743,0.20679343916787177,0.444910882064779,0.37380049481997973,0.06134470967965527,0.03332633032022229,0.0
svg/line_30,0.375,1.0,2.0,1.0,0.0,0.0,0.007596123493896045,0.5868240888334656,0.5192307692307693,0.592156862745098,0.7071067811865476,0.24902595953530524,0.3162001389088717,0.2065624127700745,0.22672773993269568,0.259325931707728,0.18003542276575388,0.444910882064779,0.6703064133314429,0.0671741793735665,0.02016532716262119,0.0
svg/line_29,0.375,1.0,2.0,1.0,0.0,0.0,0.007596123493896045,0.5868240888334656,0.5192307692307693,0.592156862745098,0.7071067811865476,0.24902595953530524,0.317832548020446,0.22468507625368547,0.2321140938806883,0.2609358866955852,0.19234092597682578,0.444910882064779,0.6881514543234276,0.06880658848514079,0.00742901762700281,0.0
svg/line_28,0.375,1.0,2.0,1.0,0.0,0.0,0.9944904871101227,0.5740213358268657,0.8705882352941178,0.6666666666666667,1.0,0.15708320774337345,0.2408159344272503,0.1430005068217171,0.22171574106491565,0.17076006735625834,0.14464010429449511,0.444910882064779,1.0,0.08373272668387685,0.07871523424319853,0.0
svg/line_27,0.375,1.0,2.0,1.0,0.0,0.0,0.007596123493896045,0.5868240888334656,0.5192307692307693,0.592156862745098,0.7071067811865476,0.23852653309139377,0.3000926881661094,0.13419595858924435,0.14606450234023247,0.24522011782795508,0.09899198779385136,0.1316618935539623,0.25711294235841203,0.06156615507471562,0.011868543750988109,0.0
svg/line_26,0.375,1.0,2.0,1.0,0.0,0.0,0.007596123493896045,0.5868240888334656,0.5192307692307693,0.592156862745098,0.7071067811865476,0.23852653309139377,0.2916384268586365,0.14402183866122226,0.1548898587477225,0.2408471069708666,0.10906440963749858,0.444910882064779,0.8155351446637042,0.05311189376724272,0.010868020086500238,0.0
svg/line_25,0.375,1.0,2.0,1.0,0.0,0.0,0.007596123493896045,0.5868240888334656,0.5192307692307693,0.592156862745098,0.7071067811865476,0.23852653309139377,0.2848100878529488,0.11455290546315453,0.14606450234023247,0.23613301749399873,0.08877340370890512,1.0,0.2591621640725921,0.04628355476155505,0.03151159687707796,0.0
svg/line_24,0.375,1.0,2.0,1.0,0.0,0.0,0.007596123493896045,0.5868240888334656,0.5192307692307693,0.592156862745098,0.7071067811865476,0.23852653309139377,0.25238025738453806,0.07579028388310992,0.14606450234023247,0.2180228672658859,0.06688895978116675,0.7553133222615661,0.8073382579797067,0.013853724293144312,0.07027421845712258,0.0
svg/line_23,0.375,1.0,2.0,1.0,0.0,0.0,0.007596123493896045,0.5868240888334656,0.5192307692307693,0.592156862745098,0.7071067811865476,0.23852653309139377,0.3048806820201039,0.11332122206533929,0.14606450234023247,0.24685211722448167,0.08755003480253219,0.444910882064779,0.844224247971332,0.06635414892871012,0.03274328027489319,0.0
svg/line_22,0.375,1.0,2.0,1.0,0.0,0.0,0.007596123493896045,0.5868240888334656,0.5192307692307693,0.592156862745098,0.7071067811865476,0.23852653309139377,0.271681198580413,0.09152388412973622,0.14606450234023247,0.22839543383768712,0.076049186921637,0.7166407248516699,0.25506372064422744,0.033154665489019255,0.054540618210496265,0.0
svg/line_21,0.375,1.0,2.0,1.0,0.0,0.0,0.007596123493896045,0.5868240888334656,0.5192307692307693,0.592156862745098,0.7071067811865476,0.23852653309139377,0.29611165636635073,0.09357836600159575,0.14606450234023247,0.24145545332797555,0.07681794810431146,0.444910882064779,0.8462734696855214,0.05758512327495695,0.05248613633863674,0.0
svg/line_20,0.375,1.0,2.0,1.0,0.0,0.0,0.007596123493896045,0.5868240888334656,0.5192307692307693,0.592156862745098,0.7071067811865476,0.23852653309139377,0.2858105740630947,0.075798360600475,0.14606450234023247,0.23552668261508872,0.0668606351417797,0.444910882064779,0.8421750262571475,0.04728404097170091,0.07026614173975748,0.0
svg/line_19,0.375,1.0,2.0,1.0,0.0,0.0,0.007596123493896045,0.5868240888334656,0.5192307692307693,0.592156862745098,0.7071067811865476,0.23852653309139377,0.2690973313093329,0.06613396603747221,0.14606450234023247,0.22655939504678518,0.06137200668936986,0.444910882064779,0.24106558577704956,0.030570798217939135,0.07993053630276027,0.0
svg/line_18,0.375,1.0,2.0,1.0,0.0,0.0,0.9944904871101227,0.5740213358268657,0.8705882352941178,0.6666666666666667,1.0,0.15480329455011382,0.16013574285784882,0.09093754610798185,0.22171574106491565,0.12759451107294748,0.11442684815731878,0.444910882064779,0.0668143127330061,0.005332448307735012,0.1307781949569338,0.0
svg/line_17,0.375,1.0,2.0,1.0,0.0,0.0,0.007596123493896045,0.5868240888334656,0.5192307692307693,0.592156862745098,0.7071067811865476,0.15556642832873266,0.17755318358847275,0.017063715296353636,0.09400154162649722,0.13557321140520467,0.00996054558326861,0.444910882064779,0.38911255833827524,0.021986755259740105,0.07693782633014358,0.0
svg/line_16,0.375,1.0,2.0,1.0,0.0,0.0,0.007596123493896045,0.5868240888334656,0.5192307692307693,0.592156862745098,0.7071067811865476,0.15475419531270396,0.15709269588597036,0.021426088954290774,0.09400154162649722,0.12532168838527288,0.011630655315478767,0.170334490963859,0.36463609644423517,0.0023385005732663843,0.07257545267220644,0.0
svg/line_15,0.375,1.0,2.0,1.0,0.0,0.0,0.007596123493896045,0.5868240888334656,0.5192307692307693,0.592156862745098,0.7071067811865476,0.13244498262637405,0.15709269588597036,0.022508089688240605,0.09400154162649722,0.11313097678278025,0.013410905510226383,0.444910882064779,0.3870633366240903,0.024647713259596284,0.07149345193825661,0.0
svg/line_14,0.375,1.0,2.0,1.0,0.0,0.0,0.007596123493896045,0.5868240888334656,0.5192307692307693,0.592156862745098,0.7071067811865476,0.15556642832873266,0.16413006667235225,0.0,0.09400154162649722,0.12825210923053587,0.0,0.444910882064779,0.6744048567598127,0.0085636383436196,0.09400154162649722,0.0
svg/line_13,0.375,1.0,2.0,1.0,0.0,0.0,0.007596123493896045,0.5868240888334656,0.5192307692307693,0.592156862745098,0.7071067811865476,0.14180369985575866,0.15709269588597036,0.002462412389554372,0.09400154162649722,0.1178231688797321,0.0016130586048399302,0.444910882064779,0.3804319157220355,0.015288996030211678,0.09153912923694285,0.0
svg/line_12,0.375,1.0,2.0,1.0,0.0,0.0,0.9944904871101227,0.5740213358268657,0.8705882352941178,0.6666666666666667,1.0,0.11957187506002621,0.16013574285784882,0.1159436435898396,0.22171574106491565,0.1097460374476896,0.1303303871234825,0.444910882064779,0.10482116709710684,0.04056386779782262,0.10577209747507604,0.0
svg/line_11,0.375,1.0,2.0,1.0,0.0,0.0,0.007596123493896045,0.5868240888334656,0.5192307692307693,0.592156862745098,0.7071067811865476,0.10947835139247131,0.12186127639588273,0.045512248405233796,0.11900763910835492,0.08403118085139229,0.038811277984531,0.7610064188896246,0.6328605275003435,0.012382925003411432,0.07349539070312114,0.0
svg/line_10,0.375,1.0,2.0,1.0,0.0,0.0,0.007596123493896045,0.5868240888334656,0.5192307692307693,0.592156862745098,0.7071067811865476,0.0935055958049711,0.12186127639588273,0.034684063988141896,0.11900763910835492,0.07542002060627026,0.03320161497534741,0.444910882064779,0.42486143385969405,0.02835568059091163,0.08432357512021303,0.0
svg/line_9,0.375,1.0,2.0,1.0,0.0,0.0,0.007596123493896045,0.5868240888334656,0.5192307692307693,0.592156862745098,0.7071067811865476,0.0863405345890602,0.12186127639588273,0.05813239455075973,0.11900763910835492,0.07144126471896757,0.0470406514528752,0.444910882064779,0.6308113057861588,0.03552074180682254,0.060875244557595194,0.0
svg/line_8,0.375,1.0,2.0,1.0,0.0,0.0,0.9944904871101227,0.5740213358268657,0.8705882352941178,0.6666666666666667,1.0,0.06743748284413906,0.16013574285784882,0.20559092229796472,0.22171574106491565,0.08239739845672134,0.1808638125811716,0.444910882064779,0.0,0.09269826001370976,0.016124818766950925,0.0
svg/line_7,0.375,1.0,2.0,1.0,0.0,0.0,0.007596123493896045,0.5868240888334656,0.5192307692307693,0.592156862745098,0.7071067811865476,0.03372647284006651,0.06972688417999559,0.157114600399091,0.20865491781648005,0.01952942753844668,0.14820877168431684,0.444910882064779,0.17064512313467103,0.03600041133992909,0.051540317417389035,0.0
svg/line_6,0.375,1.0,2.0,1.0,0.0,0.0,0.007596123493896045,0.5868240888334656,0.5192307692307693,0.592156862745098,0.7071067811865476,0.016459158357437966,0.06972688417999559,0.20661225413746984,0.217757606272816,0.009597816243777708,0.1810311497487045,0.7382340323773895,0.8186398504255639,0.05326772582255763,0.011145352135346185,0.0
svg/line_5,0.375,1.0,2.0,1.0,0.0,0.0,0.007596123493896045,0.5868240888334656,0.5192307692307693,0.592156862745098,0.7071067811865476,0.019097319503632148,0.06972688417999559,0.19111870241079754,0.20865491781648005,0.01105037797711996,0.16784221933439644,0.0,0.8104429637415645,0.050629564676363446,0.017536215405682558,0.0
svg/line_4,0.375,1.0,2.0,1.0,0.0,0.0,0.007596123493896045,0.5868240888334656,0.5192307692307693,0.592156862745098,0.7071067811865476,0.017162022795052106,0.06972688417999559,0.16428542285495265,0.20865491781648005,0.010569645172707113,0.1526480893424282,0.444910882064779,0.8247875155681158,0.052564861384943484,0.044369494961527395,0.0
svg/line_3,0.375,1.0,2.0,1.0,0.0,0.0,0.007596123493896045,0.5868240888334656,0.5192307692307693,0.592156862745098,0.7071067811865476,0.028483032459134097,0.06972688417999559,0.20661225413746984,0.2476837738628009,0.017095633193961166,0.19668764371011008,0.444910882064779,0.8206890721397481,0.04124385172086147,0.041071519725331095,0.0
svg/line_2,0.375,1.0,2.0,1.0,0.0,0.0,0.007596123493896045,0.5868240888334656,0.5192307692307693,0.592156862745098,0.7071067811865476,0.010556552279975394,0.06972688417999559,0.20661225413746984,0.23853470911219374,0.007265602815093165,0.19196033001114438,0.444910882064779,0.8227382938539335,0.0591703319000202,0.0319224549747239,0.0
svg/line_1,0.375,1.0,2.0,1.0,0.0,0.0,0.007596123493896045,0.5868240888334656,0.5192307692307693,0.592156862745098,0.7071067811865476,0.003496269217557232,0.06972688417999559,0.18081868363593515,0.20865491781648005,0.002740131249016069,0.16233891001791226,0.444910882064779,0.17474356656304413,0.06623061496243833,0.02783623418054489,0.0
svg/line,0.375,1.0,2.0,1.0,0.0,0.0,0.007596123493896045,0.5868240888334656,0.5192307692307693,0.592156862745098,0.7071067811865476,0.0,0.06972688417999559,0.20661225413746984,0.2097492108060674,0.0,0.1772657029444248,0.444910882064779,0.17269434484885454,0.06972688417999558,0.003136956668597579,0.0
svg/circle_76,0.125,1.0,0.01519224698779209,1.1736481776669312,0.5192307692307693,0.592156862745098,0.007596123493896045,0.5868240888334656,0.5192307692307693,0.592156862745098,0.5,0.522279801778944,0.5405950124657962,0.3929134933981935,0.41742545754631616,0.5179934755844052,0.37818028690774175,0.444910882064779,0.5204347522933686,0.018315210686852216,0.024511964148122716,0.44928127403997087
svg/circle_75,0.125,1.0,0.01519224698779209,1.1736481776669312,0.5192307692307693,0.592156862745098,0.007596123493896045,0.5868240888334656,0.5192307692307693,0.592156862745098,0.5,0.6044712178559049,0.622786428542757,0.7915121098886356,0.8160240740367584,0.6081604075669663,0.8031719188907095,0.444910882064779,0.5204347522933686,0.018315210686852216,0.024511964148122716,0.44928127403997087
svg/circle_74,0.125,1.0,0.01519224698779209,1.1736481776669312,0.5192307692307693,0.592156862745098,0.007596123493896045,0.5868240888334656,0.5192307692307693,0.592156862745098,0.5,0.7359015390374551,0.7542167497243074,0.3531487470484061,0.37766071119652883,0.7374918854568377,0.33209225115729374,0.444910882064779,0.5204347522933686,0.018315210686852216,0.024511964148122716,0.44928127403997087
svg/circle_73,0.125,1.0,0.01519224698779209,1.1736481776669312,0.5192307692307693,0.592156862745098,0.007596123493896045,0.5868240888334656,0.5192307692307693,0.592156862745098,0.5,0.5048193092630923,0.5231345199499445,0.7030684251035477,0.7275803892516703,0.5042674924606798,0.7101753456780463,0.444910882064779,0.5204347522933686,0.018315210686852216,0.024511964148122716,0.44928127403997087
svg/circle_72,0.125,1.0,0.01519224698779209,1.1736481776669312,0.5192307692307693,0.592156862745098,0.007596123493896045,0.5868240888334656,0.5192307692307693,0.592156862745098,0.5,0.7250952910400232,0.7434105017268755,0.8032766663168783,0.827788630465001,0.7322791317339976,0.8140823947958236,0.444910882064779,0.5204347522933686,0.018315210686852216,0.024511964148122716,0.44928127403997087
svg/circle_71,0.125,1.0,0.01519224698779209,1.1736481776669312,0.5192307692307693,0.592156862745098,0.007596123493896045,0.5868240888334656,0.5192307692307693,0.592156862745098,0.5,0.8247032071184567,0.843018417805309,0.7151260081205312,0.7396379722686539,0.8352719840626721,0.7163091586264089,0.444910882064779,0.5204347522933686,0.018315210686852216,0.024511964148122716,0.44928127403997087
svg/circle_70,0.125,1.0,0.01519224698779209,1.1736481776669312,0.5192307692307693,0.592156862745098,0.007596123493896045,0.5868240888334656,0.5192307692307693,0.592156862745098,0.5,0.8517029501290546,0.8700181608159069,0.577000091877702,0.6015120560258246,0.8597789025491721,0.5700912218366095,0.444910882064779,0.5204347522933686,0.018315210686852216,0.024511964148122716,0.44928127403997087
svg/circle_69,0.125,1.0,0.01519224698779209,1.1736481776669312,0.5192307692307693,0.592156862745098,0.007596123493896045,0.5868240888334656,0.5192307692307693,0.592156862745098,0.5,0.8307040972412317,0.8490193079280839,0.41567361669277564,0.4401855808408984,0.8362690879200252,0.3969736842660715,0.444910882064779,0.5204347522933686,0.018315210686852216,0.024511964148122716,0.44928127403997087
svg/circle_68,0.125,1.0,0.01519224698779209,1.1736481776669312,0.5192307692307693,0.592156862745098,0.007596123493896045,0.5868240888334656,0.5192307692307693,0.592156862745098,0.5,0.6647838877159095,0.6830990984027617,0.311547695265305,0.33605965941342775,0.6636276310802162,0.28859805082913703,0.444910882064779,0.5204347522933686,0.018315210686852216,0.024511964148122716,0.44928127403997087
svg/circle_67,0.125,1.0,0.01519224698779209,1.1736481776669312,0.5192307692307693,0.592156862745098,0.007596123493896045,0.5868240888334656,0.5192307692307693,0.592156862745098,0.5,0.5943210487357342,0.6126362594225865,0.3615598902290204,0.3860718543771431,0.5917794056480503,0.3432873749735464,0.444910882064779,0.5204347522933686,0.018315210686852216,0.024511964148122716,0.44928127403997087
svg/circle_66,0.125,1.0,0.01519224698779209,1.1736481776669312,0.5192307692307693,0.592156862745098,0.007596123493896045,0.5868240888334656,0.5192307692307693,0.592156862745098,0.5,0.4900522643039599,0.5083674749908121,0.5408544476452707,0.5653664117933934,0.4866891322725154,0.5371208148885753,0.444910882064779,0.5204347522933686,0.018315210686852216,0.024511964148122716,0.44928127403997087
svg/circle_65,0.125,1.0,1.9889809742202453,1.1480426716537313,0.8705882352941178,0.6666666666666667,0.9944904871101227,0.5740213358268657,0.8705882352941178,0.6666666666666667,0.5,0.6662911789879534,0.6907114599037564,0.5608481031051114,0.5935307219692749,0.6717393094010926,0.559640492099244,0.444910882064779,0.5204347522933686,0.024420280915802953,0.03268261886416356,0.4914714140499616
svg/circle_64,0.125,1.0,1.8870108331782216,1.461748613235034,0.6101694915254235,0.7686274509803921,0.9435054165891108,0.730874306617517,0.6101694915254235,0.7686274509803921,0.5,0.4172399703983749,0.426397575741801,0.34793460044267815,0.3601905825167396,0.40500304580744584,0.32540727149846704,0.444910882064779,0.5204347522933686,0.009157605343426108,0.012255982074061356,0.34794102856403936
svg/circle_63,0.125,1.0,1.8870108331782216,1.461748613235034,0.6101694915254235,0.7686274509803921,0.9435054165891108,0.730874306617517,0.6101694915254235,0.7686274509803921,0.5,0.4556864456627629,0.46484405100618903,0.29232288569210246,0.3045788677661638,0.4437340138208211,0.2651678121478868,0.444910882064779,0.5204347522933686,0.009157605343426108,0.012255982074061356,0.34794102856403936
svg/circle_62,0.125,1.0,1.8870108331782216,1.461748613235034,0.6101694915254235,0.7686274509803921,0.9435054165891108,0.730874306617517,0.6101694915254235,0.7686274509803921,0.5,0.4674825133930583,0.47664011873648443,0.24528181901162768,0.2575378010856891,0.455172393125361,0.2146198805551271,0.444910882064779,0.5204347522933686,0.009157605343426108,0.012255982074061356,0.34794102856403936
svg/circle_61,0.125,1.0,1.8870108331782216,1.461748613235034,0.6101694915254235,0.7686274509803921,0.9435054165891108,0.730874306617517,0.6101694915254235,0.7686274509803921,0.5,0.40960663899046473,0.41876424433389087,0.3073145308464804,0.3195705129205418,0.39665803211155887,0.28198985835300444,0.444910882064779,0.5204347522933686,0.009157605343426108,0.012255982074061356,0.34794102856403936
svg/circle_60,0.125,1.0,1.8870108331782216,1.461748613235034,0.6101694915254235,0.7686274509803921,0.9435054165891108,0.730874306617517,0.6101694915254235,0.7686274509803921,0.5,0.4277109105906673,0.43686851593409337,0.2653473720875382,0.2776033541615996,0.4146572256138616,0.23671210262264264,0.444910882064779,0.5204347522933686,0.009157605343426108,0.012255982074061356,0.34794102856403936
svg/circle_59,0.125,1.0,1.8870108331782216,1.461748613235034,0.6101694915254235,0.7686274509803921,0.9435054165891108,0.730874306617517,0.6101694915254235,0.7686274509803921,0.5,0.5651843551172424,0.5743419604606684,0.9152319009350879,0.9274878830091492,0.565729535901152,0.929113037562629,0.444910882064779,0.5204347522933686,0.009157605343426108,0.012255982074061254,0.34794102856403936
svg/circle_58,0.125,1.0,1.8870108331782216,1.461748613235034,0.6101694915254235,0.7686274509803921,0.9435054165891108,0.730874306617517,0.6101694915254235,0.7686274509803921,0.5,0.536887300701586,0.5460449060450121,0.9505304353211901,0.9627864173952513,0.5398077576743421,0.9662107818948047,0.444910882064779,0.5204347522933686,0.009157605343426108,0.012255982074061254,0.34794102856403936
svg/circle_57,0.125,1.0,1.8870108331782216,1.461748613235034,0.6101694915254235,0.7686274509803921,0.9435054165891108,0.730874306617517,0.6101694915254235,0.7686274509803921,0.5,0.5724580235434777,0.5816156288869038,0.9615882166679185,0.9738441987419798,0.5733756142427668,0.9787034649978897,0.444910882064779,0.5204347522933686,0.009157605343426108,0.012255982074061254,0.34794102856403936
svg/circle_56,0.125,1.0,1.8870108331782216,1.461748613235034,0.6101694915254235,0.7686274509803921,0.9435054165891108,0.730874306617517,0.6101694915254235,0.7686274509803921,0.5,0.5242994672036883,0.5334570725471144,0.9030913977270976,0.9153473798011588,0.5235399604760305,0.9167710980759121,0.444910882064779,0.5204347522933686,0.009157605343426108,0.012255982074061254,0.34794102856403936
svg/circle_55,0.125,1.0,1.8870108331782216,1.461748613235034,0.6101694915254235,0.7686274509803921,0.9435054165891108,0.730874306617517,0.6101694915254235,0.7686274509803921,0.5,0.6242279667648318,0.633385572108258,0.9385582025190453,0.9508141845931066,0.6280489196114217,0.9524282990092309,0.444910882064779,0.5204347522933686,0.009157605343426108,0.012255982074061254,0.34794102856403936
svg/circle_54,0.125,1.0,1.8870108331782216,1.461748613235034,0.6101694915254235,0.7686274509803921,0.9435054165891108,0.730874306617517,0.6101694915254235,0.7686274509803921,0.5,0.5212246952989271,0.5303823006423531,0.8426429650016857,0.8548989470757469,0.5206329088757331,0.8516394017280409,0.444910882064779,0.5204347522933686,0.009157605343426108,0.012255982074061254,0.34794102856403936
svg/circle_53,0.125,1.0,1.8870108331782216,1.461748613235034,0.6101694915254235,0.7686274509803921,0.9435054165891108,0.730874306617517,0.6101694915254235,0.7686274509803921,0.5,0.6028999310451885,0.6120575363886146,0.9727924866580709,0.9850484687321323,0.6058069491197918,0.9897491457076739,0.444910882064779,0.5204347522933686,0.009157605343426108,0.012255982074061254,0.34794102856403936
svg/circle_52,0.125,1.0,1.8870108331782216,1.461748613235034,0.6101694915254235,0.7686274509803921,0.9435054165891108,0.730874306617517,0.6101694915254235,0.7686274509803921,0.5,0.8047151065707279,0.813872711914154,0.23432430585810837,0.24658028793216974,0.8020714878474622,0.1975301065492808,0.444910882064779,0.5204347522933686,0.009157605343426108,0.012255982074061356,0.34794102856403936
svg/circle_51,0.125,1.0,1.8870108331782216,1.461748613235034,0.6101694915254235,0.7686274509803921,0.9435054165891108,0.730874306617517,0.6101694915254235,0.7686274509803921,0.5,0.7604261307403284,0.7695837360837544,0.20849406533825454,0.2207500474123159,0.7561428011316546,0.17248022594067433,0.444910882064779,0.5204347522933686,0.009157605343426108,0.012255982074061356,0.34794102856403936
svg/circle_50,0.125,1.0,1.8870108331782216,1.461748613235034,0.6101694915254235,0.7686274509803921,0.9435054165891108,0.730874306617517,0.6101694915254235,0.7686274509803921,0.5,0.7932450239394606,0.8024026292828867,0.18904982621837738,0.2013058082924387,0.7895460457829797,0.14948437312838855,0.444910882064779,0.5204347522933686,0.009157605343426108,0.012255982074061356,0.34794102856403936
svg/circle_49,0.125,1.0,1.8870108331782216,1.461748613235034,0.6101694915254235,0.7686274509803921,0.9435054165891108,0.730874306617517,0.6101694915254235,0.7686274509803921,0.5,0.39116792441870973,0.40032552976213587,0.7252245564446665,0.7374805385187277,0.38307478479699386,0.7293592980911696,0.444910882064779,0.5204347522933686,0.009157605343426108,0.012255982074061254,0.34794102856403936
svg/circle_48,0.125,1.0,1.8870108331782216,1.461748613235034,0.6101694915254235,0.7686274509803921,0.9435054165891108,0.730874306617517,0.6101694915254235,0.7686274509803921,0.5,0.41389585328512496,0.42305345862855104,0.7752978943376023,0.7875538764116635,0.40815957136103015,0.7820547999392914,0.444910882064779,0.5204347522933686,0.009157605343426108,0.012255982074061254,0.34794102856403936
svg/circle_47,0.125,1.0,1.8870108331782216,1.461748613235034,0.6101694915254235,0.7686274509803921,0.9435054165891108,0.730874306617517,0.6101694915254235,0.7686274509803921,0.5,0.4364566337467358,0.4456142390901619,0.8184687007251517,0.830724682799213,0.43257790701041865,0.8275631072148857,0.444910882064779,0.5204347522933686,0.009157605343426108,0.012255982074061254,0.34794102856403936
svg/circle_46,0.125,1.0,1.8870108331782216,1.461748613235034,0.6101694915254235,0.7686274509803921,0.9435054165891108,0.730874306617517,0.6101694915254235,0.7686274509803921,0.5,0.3800708365746285,0.38922844191805456,0.7709663200597053,0.7832223021337665,0.37266854581616277,0.7782692257923731,0.444910882064779,0.5204347522933686,0.009157605343426108,0.012255982074061254,0.34794102856403936
svg/circle_45,0.125,1.0,1.8870108331782216,1.461748613235034,0.6101694915254235,0.7686274509803921,0.9435054165891108,0.730874306617517,0.6101694915254235,0.7686274509803921,0.5,0.3977783848401681,0.4069359901835942,0.822851435603456,0.8351074176775172,0.3919631058327392,0.8332635410581619,0.444910882064779,0.5204347522933686,0.009157605343426108,0.012255982074061254,0.34794102856403936
svg/circle_44,0.125,1.0,1.8870108331782216,1.461748613235034,0.6101694915254235,0.7686274509803921,0.9435054165891108,0.730874306617517,0.6101694915254235,0.7686274509803921,0.5,0.4399726150958665,0.4491302204392926,0.8584523008124157,0.8707082828864771,0.436194911393392,0.870464126218399,0.444910882064779,0.5204347522933686,0.009157605343426108,0.012255982074061254,0.34794102856403936
svg/circle_43,0.125,1.0,1.8870108331782216,1.461748613235034,0.6101694915254235,0.7686274509803921,0.9435054165891108,0.730874306617517,0.6101694915254235,0.7686274509803921,0.5,0.7012633506069201,0.7104209559503463,0.9433210567681874,0.9555770388422486,0.7052437376533461,0.9575763239501794,0.444910882064779,0.5204347522933686,0.009157605343426108,0.012255982074061254,0.34794102856403936
svg/circle_42,0.125,1.0,1.8870108331782216,1.461748613235034,0.6101694915254235,0.7686274509803921,0.9435054165891108,0.730874306617517,0.6101694915254235,0.7686274509803921,0.5,0.8108946953012042,0.8200523006446302,0.8956007036030843,0.9078566856771455,0.8338903072383121,0.8901148733301698,0.444910882064779,0.5204347522933686,0.009157605343426108,0.012255982074061254,0.34794102856403936
svg/circle_41,0.125,1.0,1.8870108331782216,1.461748613235034,0.6101694915254235,0.7686274509803921,0.9435054165891108,0.730874306617517,0.6101694915254235,0.7686274509803921,0.5,0.7541594031642822,0.7633170085077083,0.9398376468060896,0.9520936288801509,0.76468295501728,0.9492807879529799,0.444910882064779,0.5204347522933686,0.009157605343426108,0.012255982074061254,0.34794102856403936
svg/circle_40,0.125,1.0,1.8870108331782216,1.461748613235034,0.6101694915254235,0.7686274509803921,0.9435054165891108,0.730874306617517,0.6101694915254235,0.7686274509803921,0.5,0.7176000705600082,0.7267576759034343,0.9789233044398076,0.9911792865138688,0.7283856227310966,0.9915740034642502,0.444910882064779,0.5204347522933686,0.009157605343426108,0.012255982074061254,0.34794102856403936
svg/circle_39,0.125,1.0,1.8870108331782216,1.461748613235034,0.6101694915254235,0.7686274509803921,0.9435054165891108,0.730874306617517,0.6101694915254235,0.7686274509803921,0.5,0.8020800995020602,0.8112377048454863,0.9366221584398722,0.9488781405139335,0.814090395374059,0.9447053988166314,0.444910882064779,0.5204347522933686,0.009157605343426108,0.012255982074061254,0.34794102856403936
svg/circle_38,0.125,1.0,1.8870108331782216,1.461748613235034,0.6101694915254235,0.7686274509803921,0.9435054165891108,0.730874306617517,0.6101694915254235,0.7686274509803921,0.5,0.7529872267001388,0.7621448320435649,0.9877440179259388,1.0,0.765315810857092,1.0,0.444910882064779,0.5204347522933686,0.009157605343426108,0.012255982074061254,0.34794102856403936
svg/circle_37,0.125,1.0,1.8870108331782216,1.461748613235034,0.6101694915254235,0.7686274509803921,0.9435054165891108,0.730874306617517,0.6101694915254235,0.7686274509803921,0.5,0.7882412793356786,0.7973988846791047,0.9736647883066627,0.985920770380724,0.794527282247682,0.9890148396790508,0.444910882064779,0.5204347522933686,0.009157605343426108,0.012255982074061254,0.34794102856403936
svg/circle_36,0.125,1.0,1.8870108331782216,1.461748613235034,0.6101694915254235,0.7686274509803921,0.9435054165891108,0.730874306617517,0.6101694915254235,0.7686274509803921,0.5,0.9387500197912457,0.9479076251346717,0.726069116450316,0.7383250985243773,0.9497832982391952,0.7178878812258475,0.444910882064779,0.5204347522933686,0.009157605343426108,0.012255982074061254,0.34794102856403936
svg/circle_35,0.125,1.0,1.8870108331782216,1.461748613235034,0.6101694915254235,0.7686274509803921,0.9435054165891108,0.730874306617517,0.6101694915254235,0.7686274509803921,0.5,0.8742194909951975,0.8833770963386235,0.8579154686608503,0.8701714507349116,0.8868363690402941,0.858919644079639,0.444910882064779,0.5204347522933686,0.009157605343426108,0.012255982074061254,0.34794102856403936
svg/circle_34,0.125,1.0,1.8870108331782216,1.461748613235034,0.6101694915254235,0.7686274509803921,0.9435054165891108,0.730874306617517,0.6101694915254235,0.7686274509803921,0.5,0.9016997561982623,0.9108573615416884,0.82126645701456,0.8335224390886213,0.9111993016475483,0.8229700072172975,0.444910882064779,0.5204347522933686,0.009157605343426108,0.012255982074061254,0.34794102856403936
svg/circle_33,0.125,1.0,1.8870108331782216,1.461748613235034,0.6101694915254235,0.7686274509803921,0.9435054165891108,0.730874306617517,0.6101694915254235,0.7686274509803921,0.5,0.9241218721673847,0.9332794775108108,0.7797708507190526,0.7920268327931139,0.9351190728834331,0.7763931772649474,0.444910882064779,0.5204347522933686,0.009157605343426108,0.012255982074061254,0.34794102856403936
svg/circle_32,0.125,1.0,1.8870108331782216,1.461748613235034,0.6101694915254235,0.7686274509803921,0.9435054165891108,0.730874306617517,0.6101694915254235,0.7686274509803921,0.5,0.9144431412510767,0.9236007465945029,0.8632608591328111,0.8755168412068723,0.9211956433519181,0.8721112075579186,0.444910882064779,0.5204347522933686,0.009157605343426108,0.012255982074061254,0.34794102856403936
svg/circle_31,0.125,1.0,1.8870108331782216,1.461748613235034,0.6101694915254235,0.7686274509803921,0.9435054165891108,0.730874306617517,0.6101694915254235,0.7686274509803921,0.5,0.9423235754517845,0.9514811807952106,0.8242505414118257,0.836506523485887,0.9507503918029089,0.8286945656173736,0.444910882064779,0.5204347522933686,0.009157605343426108,0.012255982074061254,0.34794102856403936
svg/circle_30,0.125,1.0,1.8870108331782216,1.461748613235034,0.6101694915254235,0.7686274509803921,0.9435054165891108,0.730874306617517,0.6101694915254235,0.7686274509803921,0.5,0.9583604692186645,0.9675180745620905,0.7711752596293722,0.7834312417034334,0.9687597757046382,0.7687768336452514,0.444910882064779,0.5204347522933686,0.009157605343426108,0.012255982074061254,0.34794102856403936
svg/circle_29,0.125,1.0,1.8870108331782216,1.461748613235034,0.6101694915254235,0.7686274509803921,0.9435054165891108,0.730874306617517,0.6101694915254235,0.7686274509803921,0.5,0.9554754280504217,0.9646330333938478,0.612057802552462,0.6243137846265232,0.9608865733936861,0.6034632570892885,0.444910882064779,0.5204347522933686,0.009157605343426108,0.012255982074061254,0.34794102856403936
svg/circle_28,0.125,1.0,1.8870108331782216,1.461748613235034,0.6101694915254235,0.7686274509803921,0.9435054165891108,0.730874306617517,0.6101694915254235,0.7686274509803921,0.5,0.9556222094007596,0.9647798147441856,0.5354065959305196,0.547662578004581,0.9623724494798922,0.5163955998100684,0.444910882064779,0.5204347522933686,0.009157605343426108,0.012255982074061254,0.34794102856403936
svg/circle_27,0.125,1.0,1.8870108331782216,1.461748613235034,0.6101694915254235,0.7686274509803921,0.9435054165891108,0.730874306617517,0.6101694915254235,0.7686274509803921,0.5,0.9759186370456029,0.9850762423890289,0.6456954161971568,0.6579513982712182,0.9825310605256633,0.6388438927179424,0.444910882064779,0.5204347522933686,0.009157605343426108,0.012255982074061254,0.34794102856403936
svg/circle_26,0.125,1.0,1.8870108331782216,1.461748613235034,0.6101694915254235,0.7686274509803921,0.9435054165891108,0.730874306617517,0.6101694915254235,0.7686274509803921,0.5,0.9875775764334254,0.9967351817768514,0.5468827559475108,0.559138738021572,0.9953457413309158,0.5285191719831938,0.444910882064779,0.5204347522933686,0.009157605343426108,0.012255982074061254,0.34794102856403936
svg/circle_25,0.125,1.0,1.8870108331782216,1.461748613235034,0.6101694915254235,0.7686274509803921,0.9435054165891108,0.730874306617517,0.6101694915254235,0.7686274509803921,0.5,0.9908423946565739,1.0,0.5939007908107179,0.6061567728847791,1.0,0.5772869674333014,0.444910882064779,0.5204347522933686,0.009157605343426108,0.012255982074061254,0.34794102856403936
svg/circle_24,0.125,1.0,1.8870108331782216,1.461748613235034,0.6101694915254235,0.7686274509803921,0.9435054165891108,0.730874306617517,0.6101694915254235,0.7686274509803921,0.5,0.9553626749479006,0.9645202802913267,0.40214984758585043,0.4144058296599118,0.9597607385614262,0.3752071353995115,0.444910882064779,0.5204347522933686,0.009157605343426108,0.012255982074061356,0.34794102856403936
svg/circle_23,0.125,1.0,1.8870108331782216,1.461748613235034,0.6101694915254235,0.7686274509803921,0.9435054165891108,0.730874306617517,0.6101694915254235,0.7686274509803921,0.5,0.9384541523329548,0.947611757676381,0.4394523205447863,0.45170830261884753,0.9423936232856718,0.41711708015206544,0.444910882064779,0.5204347522933686,0.009157605343426108,0.012255982074061254,0.34794102856403936
svg/circle_22,0.125,1.0,1.8870108331782216,1.461748613235034,0.6101694915254235,0.7686274509803921,0.9435054165891108,0.730874306617517,0.6101694915254235,0.7686274509803921,0.5,0.9247974743215794,0.9339550796650056,0.3628637413336707,0.3751197234077321,0.9277587171327495,0.33320757540505663,0.444910882064779,0.5204347522933686,0.009157605343426108,0.012255982074061356,0.34794102856403936
svg/circle_21,0.125,1.0,1.8870108331782216,1.461748613235034,0.6101694915254235,0.7686274509803921,0.9435054165891108,0.730874306617517,0.6101694915254235,0.7686274509803921,0.5,0.859937813384758,0.8690954187281841,0.28533849817358153,0.2975944802476429,0.8597498208654757,0.25128859533846587,0.444910882064779,0.5204347522933686,0.009157605343426108,0.012255982074061356,0.34794102856403936
svg/circle_20,0.125,1.0,1.8870108331782216,1.461748613235034,0.6101694915254235,0.7686274509803921,0.9435054165891108,0.730874306617517,0.6101694915254235,0.7686274509803921,0.5,0.9649386626558896,0.9740962679993157,0.3604003745380404,0.3726563566121017,0.9691332223713307,0.32930345507703507,0.444910882064779,0.5204347522933686,0.009157605343426108,0.012255982074061356,0.34794102856403936
svg/circle_19,0.125,1.0,1.8870108331782216,1.461748613235034,0.6101694915254235,0.7686274509803921,0.9435054165891108,0.730874306617517,0.6101694915254235,0.7686274509803921,0.5,0.8985396957765079,0.907697301119934,0.31680569866683417,0.32906168074089553,0.8999987515210383,0.2844373176192748,0.444910882064779,0.5204347522933686,0.009157605343426108,0.012255982074061356,0.34794102856403936
svg/circle_18,0.125,1.0,1.8870108331782216,1.461748613235034,0.6101694915254235,0.7686274509803921,0.9435054165891108,0.730874306617517,0.6101694915254235,0.7686274509803921,0.5,0.9474006113483833,0.9565582166918094,0.32091466241055316,0.33317064448461453,0.9504211313791404,0.2884905067260749,0.444910882064779,0.5204347522933686,0.009157605343426108,0.012255982074061356,0.34794102856403936
svg/circle_17,0.125,1.0,1.8870108331782216,1.461748613235034,0.6101694915254235,0.7686274509803921,0.9435054165891108,0.730874306617517,0.6101694915254235,0.7686274509803921,0.5,0.9267984467418712,0.9359560520852973,0.2853546516083117,0.29761063368237306,0.9286723840426123,0.2506757819955691,0.444910882064779,0.5204347522933686,0.009157605343426108,0.012255982074061356,0.34794102856403936
svg/circle_16,0.125,1.0,1.8870108331782216,1.461748613235034,0.6101694915254235,0.7686274509803921,0.9435054165891108,0.730874306617517,0.6101694915254235,0.7686274509803921,0.5,0.8933719612343477,0.9025295665777737,0.26602586248230614,0.27828184455636745,0.8939144303837727,0.23015684131365913,0.444910882064779,0.5204347522933686,0.009157605343426108,0.012255982074061356,0.34794102856403936
svg/circle_15,0.125,1.0,1.8870108331782216,1.461748613235034,0.6101694915254235,0.7686274509803921,0.9435054165891108,0.730874306617517,0.6101694915254235,0.7686274509803921,0.5,0.7102836657926274,0.7194412711360535,0.16788536100006898,0.18014134307413032,0.7037983217485388,0.12822548313287602,0.444910882064779,0.5204347522933686,0.009157605343426108,0.012255982074061356,0.34794102856403936
svg/circle_14,0.125,1.0,1.8870108331782216,1.461748613235034,0.6101694915254235,0.7686274509803921,0.9435054165891108,0.730874306617517,0.6101694915254235,0.7686274509803921,0.5,0.6677382243555651,0.6768958296989912,0.17661010831594326,0.18886609039000468,0.6600989676656319,0.13810670013163018,0.444910882064779,0.5204347522933686,0.009157605343426108,0.012255982074061356,0.34794102856403936
svg/circle_13,0.125,1.0,1.8870108331782216,1.461748613235034,0.6101694915254235,0.7686274509803921,0.9435054165891108,0.730874306617517,0.6101694915254235,0.7686274509803921,0.5,0.6231197989829053,0.6322774043263314,0.17877410978384292,0.19103009185790426,0.6141932202173302,0.14108932588562204,0.444910882064779,0.5204347522933686,0.009157605343426108,0.012255982074061356,0.34794102856403936
svg/circle_12,0.125,1.0,1.8870108331782216,1.461748613235034,0.6101694915254235,0.7686274509803921,0.9435054165891108,0.730874306617517,0.6101694915254235,0.7686274509803921,0.5,0.6834374319603863,0.6925950373038124,0.13375793040736175,0.14601391248142306,0.675641008940429,0.092204559023412,0.444910882064779,0.5204347522933686,0.009157605343426108,0.012255982074061356,0.34794102856403936
svg/circle_11,0.125,1.0,1.8870108331782216,1.461748613235034,0.6101694915254235,0.7686274509803921,0.9435054165891108,0.730874306617517,0.6101694915254235,0.7686274509803921,0.5,0.6418372334416745,0.6509948387851007,0.1386827551864705,0.15093873726053186,0.6328726727579089,0.09807022446880873,0.444910882064779,0.5204347522933686,0.009157605343426108,0.012255982074061356,0.34794102856403936
svg/circle_10,0.125,1.0,1.8870108331782216,1.461748613235034,0.6101694915254235,0.7686274509803921,0.9435054165891108,0.730874306617517,0.6101694915254235,0.7686274509803921,0.5,0.5771865365150998,0.5863441418585259,0.2247824272178293,0.23703840929189066,0.5676177323991551,0.19095118078393084,0.444910882064779,0.5204347522933686,0.009157605343426108,0.012255982074061356,0.34794102856403936
svg/circle_9,0.125,1.0,1.8870108331782216,1.461748613235034,0.6101694915254235,0.7686274509803921,0.9435054165891108,0.730874306617517,0.6101694915254235,0.7686274509803921,0.5,0.5452410253400993,0.5543986306835255,0.2031260583836455,0.21538204045770684,0.5344406389270395,0.16829955486443868,0.444910882064779,0.5204347522933686,0.009157605343426108,0.012255982074061356,0.34794102856403936
svg/circle_8,0.125,1.0,1.8870108331782216,1.461748613235034,0.6101694915254235,0.7686274509803921,0.9435054165891108,0.730874306617517,0.6101694915254235,0.7686274509803921,0.5,0.5309109029082776,0.5400685082517037,0.25002271950888116,0.26227870158294253,0.5204133687643416,0.21863164327812779,0.444910882064779,0.5204347522933686,0.009157605343426108,0.012255982074061356,0.34794102856403936
svg/circle_7,0.125,1.0,1.8870108331782216,1.461748613235034,0.6101694915254235,0.7686274509803921,0.9435054165891108,0.730874306617517,0.6101694915254235,0.7686274509803921,0.5,0.4256827794102902,0.43484038475371634,0.4479871312055437,0.46024311327960493,0.41476474642352784,0.43257511518104164,0.444910882064779,0.5204347522933686,0.009157605343426108,0.012255982074061254,0.34794102856403936
svg/circle_6,0.125,1.0,1.8870108331782216,1.461748613235034,0.6101694915254235,0.7686274509803921,0.9435054165891108,0.730874306617517,0.6101694915254235,0.7686274509803921,0.5,0.39114815044503315,0.4003057557884592,0.5651878155949734,0.5774437976690346,0.3806997903139052,0.5584935344076802,0.444910882064779,0.5204347522933686,0.009157605343426108,0.012255982074061254,0.34794102856403936
svg/circle_5,0.125,1.0,1.8870108331782216,1.461748613235034,0.6101694915254235,0.7686274509803921,0.9435054165891108,0.730874306617517,0.6101694915254235,0.7686274509803921,0.5,0.3964244727374215,0.4055820780808476,0.5159953352289567,0.5282513173030179,0.3855378510153634,0.5058005843260909,0.444910882064779,0.5204347522933686,0.009157605343426108,0.012255982074061254,0.34794102856403936
svg/circle_4,0.125,1.0,1.8870108331782216,1.461748613235034,0.6101694915254235,0.7686274509803921,0.9435054165891108,0.730874306617517,0.6101694915254235,0.7686274509803921,0.5,0.3925538793202614,0.4017114846636875,0.4623287761172671,0.47458475819132834,0.3808554950022079,0.44853829477191426,0.444910882064779,0.5204347522933686,0.009157605343426108,0.012255982074061254,0.34794102856403936
svg/circle_3,0.125,1.0,1.8870108331782216,1.461748613235034,0.6101694915254235,0.7686274509803921,0.9435054165891108,0.730874306617517,0.6101694915254235,0.7686274509803921,0.5,0.41519589864842543,0.4243535039918515,0.6250401507749432,0.6372961328490045,0.40605074253977497,0.6221397631146985,0.444910882064779,0.5204347522933686,0.009157605343426108,0.012255982074061254,0.34794102856403936
svg/circle_2,0.125,1.0,1.8870108331782216,1.461748613235034,0.6101694915254235,0.7686274509803921,0.9435054165891108,0.730874306617517,0.6101694915254235,0.7686274509803921,0.5,0.379342938290108,0.3885005436335341,0.6067420212737288,0.61899800334779,0.36900153839499306,0.6031476446485534,0.444910882064779,0.5204347522933686,0.009157605343426108,0.012255982074061254,0.34794102856403936
svg/circle_1,0.125,1.0,1.8870108331782216,1.461748613235034,0.6101694915254235,0.7686274509803921,0.9435054165891108,0.730874306617517,0.6101694915254235,0.7686274509803921,0.5,0.3652223721652717,0.3743799775086978,0.495395297679232,0.5076512797532933,0.3531866179212772,0.4843542133377537,0.444910882064779,0.5204347522933686,0.009157605343426108,0.012255982074061254,0.34794102856403936
svg/circle,0.125,1.0,1.8870108331782216,1.461748613235034,0.6101694915254235,0.7686274509803921,0.9435054165891108,0.730874306617517,0.6101694915254235,0.7686274509803921,0.5,0.3582298337301572,0.36738743907358334,0.5491710246614762,0.5614270067355375,0.34666563870423966,0.5419382763095505,0.444910882064779,0.5204347522933686,0.009157605343426108,0.012255982074061254,0.34794102856403936
